Province_Code,Province_Name,District_Code,District_Name,DSD_Code,DSD_Name,GND_Code,GND_Name,AG_0_14,AG_15_59,AG_60_64,AG_65_and_above,Male,Female,Total,Occupied_Housing_Units,Poverty_Percentage,Unemployment_Rate,Road_Density,Road_Length
1,Western,11,Colombo,15,Seethawaka,60,Agra Pedesa,320,1360,86,229,991,1004,1995,545,18.07,7.32,5.621794199,2.290669608
1,Western,11,Colombo,15,Seethawaka,85,Akaravita,310,882,74,193,705,754,1459,414,24.49,8.17,7.245536488,12.89317889
1,Western,11,Colombo,15,Seethawaka,125,Aluth Ambalama,365,1205,97,260,908,1019,1927,538,23.49,7.75,1.113095134,2.350286578
1,Western,11,Colombo,3,Colombo,100,Aluthkade East,2117,5425,454,864,4387,4473,8860,1815,17.2,5.71,10.0137911,2.8149943
1,Western,11,Colombo,3,Colombo,105,Aluthkade West,1219,3284,296,519,2695,2623,5318,1144,15.99,5.19,13.39692783,1.980047478
1,Western,11,Colombo,3,Colombo,30,Aluthmawatha,2649,8785,754,1526,6796,6918,13714,3648,12.66,3.48,9.288553923,6.036623113
1,Western,11,Colombo,12,Homagama,390,Ambalangoda,444,1615,158,346,1221,1342,2563,730,12.65,5.98,2.32507976,2.853454542
1,Western,11,Colombo,6,Kolonnawa,70,Ambathale,543,2103,164,379,1620,1569,3189,944,9.25,4.11,7.935175972,7.579828205
1,Western,11,Colombo,18,Padukka,110,Angampitiya,403,1403,133,297,1088,1148,2236,662,14.94,5.35,3.046104899,6.739712579
1,Western,11,Colombo,18,Padukka,120,Angamuwa,267,1075,83,264,845,844,1689,499,11.21,4.51,5.074436271,25.32341887
1,Western,11,Colombo,33,Moratuwa,5,Angulana North,1077,3129,222,400,2401,2427,4828,1245,18.02,6.62,19.68985037,5.782127647
1,Western,11,Colombo,33,Moratuwa,55,Angulana South,516,1634,131,267,1290,1258,2548,688,14.7,5.8,20.69209189,4.619356318
1,Western,11,Colombo,15,Seethawaka,145,Aradhana Kanda,472,1857,149,429,1371,1536,2907,815,21.18,6.75,9.312020753,9.688811172
1,Western,11,Colombo,9,Kaduwela,225,Arangala,921,3617,337,881,2808,2948,5756,1615,12.74,6.01,20.61480845,23.76435817
1,Western,11,Colombo,18,Padukka,95,Arukwatta North,254,1011,97,240,755,847,1602,452,16.96,5.39,5.6653414,4.298705255
1,Western,11,Colombo,18,Padukka,100,Arukwatta South,392,1430,118,330,1095,1175,2270,663,16.02,5.56,3.909251648,7.201123601
1,Western,11,Colombo,9,Kaduwela,245,Aruppitiya,263,1374,105,355,1021,1076,2097,611,10.3,5.02,11.99008469,7.621932095
1,Western,11,Colombo,9,Kaduwela,250,Asiri Uyana,275,1649,190,528,1280,1362,2642,857,8.16,3.24,19.06550365,9.552861958
1,Western,11,Colombo,9,Kaduwela,205,Athurugiriya,877,3942,367,1066,3041,3211,6252,1813,11.49,5.17,8.281158592,17.94074221
1,Western,11,Colombo,9,Kaduwela,285,Athurugiriya South,749,2976,238,612,2221,2354,4575,1293,12.19,6.16,9.002511923,12.16576732
1,Western,11,Colombo,12,Homagama,20,Atigala East,478,1530,112,326,1195,1251,2446,675,14.01,7.26,5.125862852,14.55239929
1,Western,11,Colombo,12,Homagama,15,Atigala West,435,1363,88,269,1030,1125,2155,600,14.37,7.16,5.325772675,9.105102233
1,Western,11,Colombo,31,Rathmalana,30,Attidiya North,1145,4815,466,1200,3698,3928,7626,2247,7.32,4.05,10.52030755,15.68533772
1,Western,11,Colombo,31,Rathmalana,35,Attidiya South,1250,4738,428,1117,3669,3864,7533,2142,8.69,4.73,13.3528463,19.41710681
1,Western,11,Colombo,15,Seethawaka,50,Avissawella,267,1214,109,252,900,942,1842,507,18.1,6.36,8.867723819,4.587294386
1,Western,11,Colombo,27,Thimbirigasyaya,10,Bambalapitiya,701,4230,522,1246,3304,3395,6699,2158,4.88,2.4,17.05576554,24.44371501
1,Western,11,Colombo,36,Kesbewa,125,Bangalawatta,249,1261,164,389,978,1085,2063,630,8.17,3.3,29.04690004,15.73584186
1,Western,11,Colombo,36,Kesbewa,250,Batakettara North,1026,4228,426,932,3202,3410,6612,1902,9.12,5.29,7.909219924,12.13031074
1,Western,11,Colombo,36,Kesbewa,290,Batakettara South,1152,4643,493,953,3530,3711,7241,1999,10.02,6.22,6.000847998,7.399587869
1,Western,11,Colombo,6,Kolonnawa,135,Batalandahena,951,3069,282,631,2378,2555,4933,1312,14.2,5.19,15.7549022,5.919086256
1,Western,11,Colombo,9,Kaduwela,185,Batapotha,1138,5012,440,1087,3797,3880,7677,2129,11.35,6.02,22.02382327,27.73117545
1,Western,11,Colombo,12,Homagama,25,Batawala,535,1766,127,285,1312,1401,2713,757,12.72,6.93,6.944805873,12.35797841
1,Western,11,Colombo,9,Kaduwela,90,Batewela,428,2027,150,310,1411,1504,2915,996,7.15,3.65,1.022659117,9.614370079
1,Western,11,Colombo,9,Kaduwela,180,Battaramulla North,220,1303,151,454,968,1160,2128,655,11.23,3.41,16.12468844,9.365029054
1,Western,11,Colombo,9,Kaduwela,255,Battaramulla South,148,879,121,311,692,767,1459,466,9.35,3.24,17.43614649,11.50128721
1,Western,11,Colombo,36,Kesbewa,340,Batuwandara North,288,1092,116,212,809,899,1708,471,11.26,6.43,5.625779831,3.191856901
1,Western,11,Colombo,36,Kesbewa,345,Batuwandara South,257,1065,88,228,788,850,1638,471,9.37,5.51,7.4093502,2.965108023
1,Western,11,Colombo,6,Kolonnawa,80,Belagama,655,2611,237,536,1946,2093,4039,1089,12.57,4.71,13.33970121,6.234976188
1,Western,11,Colombo,18,Padukka,185,Beliattavila,185,665,38,111,499,500,999,280,14.38,7.67,1.508606688,2.507340243
1,Western,11,Colombo,36,Kesbewa,25,Bellanvila,527,2308,230,634,1806,1893,3699,1104,8.56,4.44,12.23075532,6.534966917
1,Western,11,Colombo,18,Padukka,170,Beruketiya,482,1723,123,311,1287,1352,2639,766,14.61,6.33,6.063254904,13.35760857
1,Western,11,Colombo,3,Colombo,40,Bloemendhal,1426,5018,452,875,3678,4093,7771,2111,12.39,3.26,11.45666011,11.71141789
1,Western,11,Colombo,36,Kesbewa,215,Bodhirajapura,373,1321,125,230,997,1052,2049,594,9,5.62,6.039968699,19.07390786
1,Western,11,Colombo,36,Kesbewa,155,Bokundara,512,2453,244,564,1837,1936,3773,1135,6.52,3.81,9.277995189,6.514239849
1,Western,11,Colombo,15,Seethawaka,5,Bollathawa,336,1135,111,239,865,956,1821,518,21.75,6.91,3.330979128,8.067725025
1,Western,11,Colombo,6,Kolonnawa,130,Bopetta,1034,2907,235,459,2269,2366,4635,1082,16.42,7.02,8.533531877,13.71286358
1,Western,11,Colombo,36,Kesbewa,50,Boralesgamuwa East A,463,2729,282,767,2017,2224,4241,1331,6.5,3.3,13.67736639,10.92229927
1,Western,11,Colombo,36,Kesbewa,65,Boralesgamuwa East B,599,3324,360,829,2441,2671,5112,1477,7.82,4.24,12.23188579,13.59724007
1,Western,11,Colombo,36,Kesbewa,30,Boralesgamuwa West A,600,2590,269,650,1990,2119,4109,1213,8.63,4.6,12.77194369,9.328403531
1,Western,11,Colombo,36,Kesbewa,55,Boralesgamuwa West B,411,1686,158,442,1266,1431,2697,788,10.81,5.18,14.02357254,8.001406299
1,Western,11,Colombo,36,Kesbewa,35,Boralesgamuwa West C,162,1015,94,226,635,862,1497,407,12.1,5.45,8.433056698,4.091779899
1,Western,11,Colombo,9,Kaduwela,215,Boralugoda,625,2419,197,485,1798,1928,3726,1024,13.06,6.6,11.35710828,11.32881811
1,Western,11,Colombo,27,Thimbirigasyaya,40,Borella North,2079,11099,934,1921,9064,6969,16033,3546,5.52,4.97,13.88165469,13.53629482
1,Western,11,Colombo,27,Thimbirigasyaya,45,Borella South,504,2224,205,590,1700,1823,3523,919,7.8,3.91,20.37797073,13.51397114
1,Western,11,Colombo,33,Moratuwa,35,Borupana,776,3620,317,727,2670,2770,5440,1445,11.41,4.87,11.02139546,10.80073454
1,Western,11,Colombo,12,Homagama,245,Brahmanagama,870,3548,288,697,2765,2638,5403,1561,8.61,5.64,8.082101943,15.60851731
1,Western,11,Colombo,15,Seethawaka,220,Brandigampala,241,759,55,178,584,649,1233,350,24.03,7.75,1.421527829,2.131547771
1,Western,11,Colombo,33,Moratuwa,25,Dahampura,314,1639,161,444,1183,1375,2558,722,12.43,3.84,23.62343205,9.360865928
1,Western,11,Colombo,6,Kolonnawa,115,Dahampura,630,2040,186,386,1559,1683,3242,893,13.5,4.9,23.62343205,9.360865928
1,Western,11,Colombo,21,Maharagama,115,Dambahena,681,3425,342,959,2577,2830,5407,1638,6.11,3.04,12.11862451,12.51359582
1,Western,11,Colombo,18,Padukka,230,Dambora,176,571,44,115,459,447,906,249,17.76,8.57,0.260497928,2.75661142
1,Western,11,Colombo,18,Padukka,165,Dampe,293,1272,79,219,934,929,1863,479,12.48,7.63,5.057357093,14.81616954
1,Western,11,Colombo,36,Kesbewa,310,Dampe,899,3215,281,622,2496,2521,5017,1383,10.47,6.94,5.057357093,14.81616954
1,Western,11,Colombo,9,Kaduwela,100,Dedigamuwa,472,1641,133,330,1253,1323,2576,755,12.5,6.05,4.673320509,10.78648881
1,Western,11,Colombo,12,Homagama,250,Deepangoda,633,2526,211,424,1817,1977,3794,1069,11.5,6.25,6.303624828,10.12531912
1,Western,11,Colombo,30,Dehiwala,45,Dehiwala East,1320,5552,397,993,3704,4558,8262,1984,6.49,4.64,16.04584394,7.645727485
1,Western,11,Colombo,30,Dehiwala,40,Dehiwala West,1062,4281,402,1301,3380,3666,7046,2210,4,2.75,22.65825125,11.26719594
1,Western,11,Colombo,36,Kesbewa,305,Delthara East,300,1020,97,258,818,857,1675,443,13.5,7.7,2.270973001,1.858626544
1,Western,11,Colombo,36,Kesbewa,300,Delthara West,473,1522,96,288,1179,1200,2379,640,12.79,7.7,3.969345777,2.506013899
1,Western,11,Colombo,27,Thimbirigasyaya,30,Dematagoda,4308,13730,1145,2070,10522,10731,21253,5311,8.8,4.88,11.59480269,8.886071071
1,Western,11,Colombo,21,Maharagama,65,Depanama,1113,4931,447,1336,3720,4107,7827,2253,8.16,4.32,10.33503383,19.83157651
1,Western,11,Colombo,15,Seethawaka,265,Diddeniya North,319,1105,99,220,836,907,1743,480,22.16,7.67,3.391850809,8.059039359
1,Western,11,Colombo,15,Seethawaka,295,Diddeniya South,275,805,96,172,643,705,1348,404,21.66,6.2,2.5267922,6.601825477
1,Western,11,Colombo,15,Seethawaka,235,Digana,382,1061,70,177,822,868,1690,488,23.26,8.33,6.284235093,15.69583184
1,Western,11,Colombo,36,Kesbewa,15,Divulpitiya East,308,1363,137,328,1037,1099,2136,641,7.6,4.15,16.39403335,5.625330385
1,Western,11,Colombo,36,Kesbewa,20,Divulpitiya West,426,1855,186,468,1411,1524,2935,842,9.82,5.28,13.27150454,6.398830483
1,Western,11,Colombo,12,Homagama,295,Diyagama East,335,1306,137,290,1025,1043,2068,585,11.18,5.98,3.491065763,4.022173016
1,Western,11,Colombo,12,Homagama,300,Diyagama West,374,2468,123,289,1743,1511,3254,640,7.15,7.69,5.239885074,10.14205065
1,Western,11,Colombo,6,Kolonnawa,230,Dodamgahahena,438,2177,212,574,1674,1727,3401,1012,9.91,3.32,19.83739042,4.823676072
1,Western,11,Colombo,12,Homagama,290,Dolahena,982,3667,243,587,2706,2773,5479,1534,11.04,6.71,7.749743536,19.89247528
1,Western,11,Colombo,30,Dehiwala,15,Dutugemunu,529,2268,266,891,1837,2117,3954,1150,4.84,2.61,14.85839594,10.72261451
1,Western,11,Colombo,33,Moratuwa,205,Egoda Uyana Central,496,1675,153,396,1385,1335,2720,731,14.07,5.22,13.58756024,5.942065667
1,Western,11,Colombo,33,Moratuwa,200,Egoda Uyana North,864,2893,268,525,2162,2388,4550,1226,17.01,5.47,11.15762088,5.933624384
1,Western,11,Colombo,33,Moratuwa,210,Egoda Uyana South,1087,2975,229,476,2396,2371,4767,1145,18.9,6.72,12.20521246,5.288505042
1,Western,11,Colombo,15,Seethawaka,160,Egodagama,309,1004,91,212,799,817,1616,435,23.33,8.52,16.34752307,8.610662418
1,Western,11,Colombo,36,Kesbewa,45,Egodawatta,269,2638,126,386,1661,1758,3419,889,6.5,5.79,41.00094119,4.944849966
1,Western,11,Colombo,15,Seethawaka,300,Elamalawala,108,411,40,75,320,314,634,189,15.68,5.29,0.613957698,0.769987139
1,Western,11,Colombo,6,Kolonnawa,225,Elhena,355,1376,134,322,1054,1133,2187,624,12.23,4.11,11.90910136,10.32966119
1,Western,11,Colombo,9,Kaduwela,105,Embilladeniya,399,1558,135,297,1139,1250,2389,664,12.85,6.38,9.512368654,9.206880144
1,Western,11,Colombo,36,Kesbewa,110,Erewwala East,430,1678,187,396,1349,1342,2691,808,7.32,4.42,7.585259418,4.650306291
1,Western,11,Colombo,36,Kesbewa,105,Erewwala North,790,3133,276,639,2348,2490,4838,1360,9.9,6.09,6.915795472,7.121430791
1,Western,11,Colombo,36,Kesbewa,100,Erewwala West,946,4156,414,1020,3119,3417,6536,1916,9.11,4.73,11.0871098,13.38308709
1,Western,11,Colombo,15,Seethawaka,25,Eswatta North,348,1143,113,295,925,974,1899,522,23.77,7.79,2.559244954,11.24556486
1,Western,11,Colombo,15,Seethawaka,65,Eswatta South,335,1109,99,278,880,941,1821,527,21.99,6.74,1.482141828,3.428258097
1,Western,11,Colombo,24,Sri Jayawardanapura Kotte,45,Ethulkotte,653,3298,399,996,2591,2755,5346,1707,4.82,3,15.3249748,14.48378009
1,Western,11,Colombo,24,Sri Jayawardanapura Kotte,40,Ethulkotte West,417,2086,229,604,1584,1752,3336,958,6.46,3.86,13.08547124,8.477365315
1,Western,11,Colombo,9,Kaduwela,230,Evarihena,437,1946,179,426,1432,1556,2988,862,11.26,5.4,7.817946535,8.700517507
1,Western,11,Colombo,3,Colombo,120,Fort,146,596,22,35,470,329,799,171,10.97,5.28,46.66377336,50.51474882
1,Western,11,Colombo,6,Kolonnawa,215,Gajabapura,439,1583,134,339,1268,1227,2495,630,12.58,5.56,7.451540651,43.49909835
1,Western,11,Colombo,18,Padukka,75,Galagedara East,611,2016,154,355,1526,1610,3136,836,20.85,9.1,6.867625823,8.087179281
1,Western,11,Colombo,18,Padukka,80,Galagedara North,426,1633,118,334,1225,1286,2511,687,16.51,7.25,8.118768683,6.62337734
1,Western,11,Colombo,18,Padukka,85,Galagedara South,225,952,96,215,744,744,1488,424,11.05,4.5,4.516422093,4.435821712
1,Western,11,Colombo,12,Homagama,130,Galavilawatta North,469,2219,209,630,1681,1846,3527,1026,11.86,5.19,11.51342221,10.99157493
1,Western,11,Colombo,12,Homagama,195,Galavilawatta South,462,2170,202,557,1604,1787,3391,1042,9.61,3.9,10.57871296,9.159736584
1,Western,11,Colombo,3,Colombo,125,Galle Face,637,2141,163,389,1712,1618,3330,820,13.53,4.11,9.607787815,5.482623045
1,Western,11,Colombo,30,Dehiwala,35,Galwala,1112,3834,315,740,2943,3058,6001,1500,6.05,4.77,17.59543136,8.071356081
1,Western,11,Colombo,18,Padukka,105,Ganegoda,259,867,83,159,683,685,1368,391,14.82,6.72,20.45567394,27.78157692
1,Western,11,Colombo,24,Sri Jayawardanapura Kotte,100,Gangodavila East,231,1409,159,494,1084,1209,2293,746,4.42,2.56,13.82072437,7.755626324
1,Western,11,Colombo,24,Sri Jayawardanapura Kotte,90,Gangodavila North,456,2431,281,775,1801,2142,3943,1191,6.08,3.3,15.7880968,10.24418886
1,Western,11,Colombo,24,Sri Jayawardanapura Kotte,95,Gangodavila South,772,4377,427,1189,3270,3495,6765,1992,5.27,3.58,13.04824944,12.02722878
1,Western,11,Colombo,21,Maharagama,200,Gangodavila South B,644,5655,316,780,2576,4819,7395,1609,7.14,4.44,10.75919229,10.06348857
1,Western,11,Colombo,12,Homagama,160,Gehenuwala,311,1228,106,316,919,1042,1961,571,12.87,5.47,8.82347863,7.92601876
1,Western,11,Colombo,15,Seethawaka,190,Gira Imbula,197,671,71,145,548,536,1084,284,22.8,8.66,4.298088465,3.894581134
1,Western,11,Colombo,12,Homagama,95,Godagama North,181,955,89,233,727,731,1458,447,7.15,3.8,19.78340047,5.017374761
1,Western,11,Colombo,12,Homagama,150,Godagama South,559,2280,237,537,1747,1866,3613,1017,12.3,6.06,35.22185364,9.555009382
1,Western,11,Colombo,21,Maharagama,180,Godigamuwa North,470,2332,212,641,1805,1850,3655,1078,6.45,3.59,14.07142432,5.614074357
1,Western,11,Colombo,21,Maharagama,170,Godigamuwa South,761,3401,347,834,2547,2796,5343,1667,5.8,2.94,8.750344469,7.84719845
1,Western,11,Colombo,21,Maharagama,175,Godigamuwa South B,1088,5045,413,941,3529,3958,7487,2158,6.85,4.3,11.89701606,9.936803301
1,Western,11,Colombo,36,Kesbewa,195,Gorakapitiya,364,1331,95,295,1004,1081,2085,581,11.91,6.9,4.877388334,3.233409111
1,Western,11,Colombo,27,Thimbirigasyaya,50,Gothamipura,593,2706,266,615,1871,2309,4180,1118,7.81,3.81,12.94437199,15.14473834
1,Western,11,Colombo,6,Kolonnawa,200,Gothatuwa,461,1810,152,408,1369,1462,2831,751,13.14,4.92,7.311674643,5.84920402
1,Western,11,Colombo,6,Kolonnawa,190,Gothatuwa New Town,362,1403,123,314,1053,1149,2202,589,13.42,4.83,15.33837119,3.604488508
1,Western,11,Colombo,3,Colombo,80,Grandpass North,2167,6405,581,1028,4990,5191,10181,2363,14.68,4.5,15.24927026,5.215892787
1,Western,11,Colombo,3,Colombo,75,Grandpass South,2994,9074,780,1321,7125,7044,14169,3512,13.3,4.01,15.88656609,8.48125778
1,Western,11,Colombo,18,Padukka,220,Gurulana,168,568,53,135,466,458,924,259,16.7,7.09,1.991562166,4.077057848
1,Western,11,Colombo,12,Homagama,45,Habarakada North,648,2275,160,380,1673,1790,3463,928,14.1,7.89,4.054158836,4.916914679
1,Western,11,Colombo,12,Homagama,60,Habarakada South,492,1919,166,411,1461,1527,2988,876,10.32,5.3,7.770481517,6.744903993
1,Western,11,Colombo,12,Homagama,110,Habarakada Watta,439,1864,200,511,1413,1601,3014,879,12.55,5.12,12.3710783,9.234127444
1,Western,11,Colombo,6,Kolonnawa,15,Halmulla,420,1521,132,301,1175,1199,2374,659,11.75,4.65,11.03145841,4.842832984
1,Western,11,Colombo,18,Padukka,45,Halpe,189,638,49,112,480,508,988,310,12.56,4.73,8.294356712,37.35473171
1,Western,11,Colombo,36,Kesbewa,325,Halpita,937,3721,378,946,2833,3149,5982,1682,11.78,6.06,6.931049856,17.36374188
1,Western,11,Colombo,15,Seethawaka,205,Hanwella Town,480,1754,160,415,1412,1397,2809,801,19.49,6.54,6.602747006,9.34329992
1,Western,11,Colombo,30,Dehiwala,30,Hathbodhiya,1415,4920,393,1018,3884,3862,7746,1969,5.57,4.62,17.30948511,7.31824133
1,Western,11,Colombo,27,Thimbirigasyaya,70,Havelock Town,830,4095,470,1383,3159,3619,6778,2082,6.73,2.71,14.87680828,19.43413375
1,Western,11,Colombo,36,Kesbewa,245,Hedigama,766,2913,337,709,2209,2516,4725,1293,13.05,6.65,8.017424369,6.907868539
1,Western,11,Colombo,12,Homagama,70,Henawatta,1389,5744,460,999,4200,4392,8592,2384,11.32,6.63,9.181944113,21.73979417
1,Western,11,Colombo,12,Homagama,10,Henpita,279,1226,69,177,894,857,1751,533,7.15,4.57,18.05740763,20.53047318
1,Western,11,Colombo,12,Homagama,395,Heraliyawala,210,820,79,166,648,627,1275,343,11.93,7.35,8.660282891,20.47791886
1,Western,11,Colombo,9,Kaduwela,15,Hewagama,777,2979,263,518,2279,2258,4537,1299,10.73,6.06,11.51579751,12.43751786
1,Western,11,Colombo,6,Kolonnawa,175,Himbutana East,651,2533,265,583,1897,2135,4032,1121,13.29,4.27,16.25847517,10.443847
1,Western,11,Colombo,6,Kolonnawa,180,Himbutana West,620,2440,239,599,1878,2020,3898,1093,12.56,4.21,15.74969837,7.779715059
1,Western,11,Colombo,15,Seethawaka,170,Hingurala,403,1320,128,277,1063,1065,2128,616,19.99,6.7,1.215798078,5.972774973
1,Western,11,Colombo,12,Homagama,205,Hiripitiya,866,3441,270,678,2565,2690,5255,1545,9.89,5.29,7.117498572,20.32831382
1,Western,11,Colombo,9,Kaduwela,220,Hokandara East,1142,4644,393,869,3443,3605,7048,2016,11.23,5.93,11.61973245,25.01517687
1,Western,11,Colombo,9,Kaduwela,195,Hokandara North,1103,4580,431,960,3457,3617,7074,2033,11.21,5.62,11.36711373,21.87401877
1,Western,11,Colombo,9,Kaduwela,280,Hokandara South,1019,4276,374,863,3158,3374,6532,1842,11.74,5.96,9.615224564,17.03818853
1,Western,11,Colombo,12,Homagama,140,Homagama East,408,1577,135,323,1183,1260,2443,714,10.65,5.39,7.944223812,5.330612092
1,Western,11,Colombo,12,Homagama,115,Homagama North,327,1410,122,355,1071,1143,2214,638,11.58,5.6,4.902519016,3.876443452
1,Western,11,Colombo,12,Homagama,125,Homagama South,645,2345,193,470,1770,1883,3653,1041,11.9,6.14,6.719299563,9.123691166
1,Western,11,Colombo,12,Homagama,135,Homagama Town,358,1506,130,336,1136,1194,2330,652,11.98,6.35,11.63622076,10.59199363
1,Western,11,Colombo,12,Homagama,120,Homagama West,542,2454,217,502,1745,1970,3715,1088,10.74,5.09,10.00466636,9.082326545
1,Western,11,Colombo,36,Kesbewa,270,Honnanthara North,514,2360,219,638,1790,1941,3731,1134,8.16,3.96,9.481511373,9.126016859
1,Western,11,Colombo,36,Kesbewa,275,Honnanthara South,684,3092,311,840,2296,2631,4927,1426,10.72,5.01,10.77582286,12.30604186
1,Western,11,Colombo,18,Padukka,180,Horagala East,417,1445,127,266,1108,1147,2255,649,14.94,6.4,4.487817522,16.23803032
1,Western,11,Colombo,18,Padukka,175,Horagala West,326,1051,103,211,830,861,1691,477,18.23,7.35,2.807697635,17.38157421
1,Western,11,Colombo,18,Padukka,160,Horakandawala,453,1633,124,296,1233,1273,2506,682,16.79,7.92,3.008513419,4.580991965
1,Western,11,Colombo,36,Kesbewa,330,Horathuduwa,293,1207,132,351,950,1033,1983,553,12.18,6.15,6.873200059,4.131196267
1,Western,11,Colombo,3,Colombo,135,Hunupitiya,637,2454,217,437,1909,1836,3745,860,13.68,4.41,15.08764134,11.57314179
1,Western,11,Colombo,3,Colombo,170,Ibbanwala,177,1476,125,351,1117,1012,2129,744,8.78,2.52,14.96382661,11.34970351
1,Western,11,Colombo,33,Moratuwa,115,Idama,351,1674,162,683,1288,1582,2870,777,17.48,3.77,12.3611821,6.31026588
1,Western,11,Colombo,9,Kaduwela,30,Ihala Bomiriya,710,3166,264,629,2289,2480,4769,1310,11.99,6.22,8.90774913,13.41001618
1,Western,11,Colombo,18,Padukka,215,Ihala Bope,324,1100,111,228,876,887,1763,506,15.25,6.28,3.081110549,7.369457529
1,Western,11,Colombo,15,Seethawaka,210,Ihala Hanwella North,244,980,88,243,741,814,1555,422,22.09,7.24,7.624138152,10.15897464
1,Western,11,Colombo,15,Seethawaka,270,Ihala Hanwella South,120,592,54,149,433,482,915,282,15.27,4.32,5.297522194,4.598765452
1,Western,11,Colombo,15,Seethawaka,70,Ihala Kosgama North,629,1990,152,359,1490,1640,3130,874,23.07,8.1,5.211968353,12.57192419
1,Western,11,Colombo,15,Seethawaka,115,Ihala Kosgama South,305,1012,80,237,769,865,1634,478,22.2,6.69,1.756879962,1.56399272
1,Western,11,Colombo,15,Seethawaka,305,Ilukovita,110,317,34,55,260,256,516,145,21.83,7.97,1.553601238,6.262660852
1,Western,11,Colombo,33,Moratuwa,155,Indibedda East,625,2298,216,354,1740,1753,3493,920,13.42,5.55,2.959007177,3.014038818
1,Western,11,Colombo,33,Moratuwa,130,Indibedda West,668,2614,240,449,1961,2010,3971,1061,12.86,5.26,9.485833543,4.091983231
1,Western,11,Colombo,12,Homagama,5,Jalthara,1663,6036,446,963,4427,4681,9108,2610,10.81,6.09,8.239571687,28.81871622
1,Western,11,Colombo,21,Maharagama,205,Jambugasmulla,361,2176,255,707,1559,1940,3499,1104,5.25,2.34,16.43396417,9.671610929
1,Western,11,Colombo,36,Kesbewa,350,Jamburaliya,700,2544,242,509,1919,2076,3995,1125,10.8,6.27,5.09182399,7.399553779
1,Western,11,Colombo,30,Dehiwala,65,Jayathilaka,652,2693,222,619,1994,2192,4186,1204,4.4,3.42,21.10652656,8.36736269
1,Western,11,Colombo,9,Kaduwela,240,Jayawadanagama,353,1476,145,476,1132,1318,2450,748,13.02,4.5,18.16584476,3.484789437
1,Western,11,Colombo,15,Seethawaka,280,Jayaweeragoda,422,1374,99,258,1067,1086,2153,627,20.06,7.06,4.317925001,5.925086553
1,Western,11,Colombo,3,Colombo,60,Jinthupitiya,1644,5899,534,1031,4582,4526,9108,2202,13.33,4.05,10.98115572,2.214664544
1,Western,11,Colombo,33,Moratuwa,105,Kadalana,521,2116,249,516,1600,1802,3402,961,13.98,4.21,9.054775193,4.05644016
1,Western,11,Colombo,15,Seethawaka,175,Kadugoda North,375,1090,106,252,863,960,1823,532,23.76,7.17,1.425216995,4.192211424
1,Western,11,Colombo,15,Seethawaka,225,Kadugoda South,386,1129,97,291,912,991,1903,517,26.73,8.92,1.559917123,5.024201339
1,Western,11,Colombo,9,Kaduwela,20,Kaduwela,609,2779,254,543,2102,2083,4185,1158,10.31,5.97,11.12388092,3.486268509
1,Western,11,Colombo,15,Seethawaka,255,Kahahena,298,950,92,231,736,835,1571,460,22.78,6.57,12.86735385,21.08611396
1,Western,11,Colombo,36,Kesbewa,365,Kahapola,711,2297,183,422,1782,1831,3613,975,12.42,7.7,3.19128119,5.508723592
1,Western,11,Colombo,15,Seethawaka,90,Kahatapitiya,249,785,49,155,612,626,1238,343,22.92,8.53,2.33116644,5.512659395
1,Western,11,Colombo,12,Homagama,370,Kahathuduwa East,430,1692,139,293,1240,1314,2554,717,11.36,6.38,22.01390854,15.67132421
1,Western,11,Colombo,12,Homagama,365,Kahathuduwa North,699,2465,169,416,1867,1882,3749,1115,8.96,5.3,6.23050159,9.775401662
1,Western,11,Colombo,12,Homagama,375,Kahathuduwa South,578,2477,211,433,1805,1894,3699,1055,10.08,5.83,9.745573562,13.44386942
1,Western,11,Colombo,12,Homagama,340,Kahathuduwa West,460,2046,178,442,1521,1605,3126,903,10.37,5.48,8.193080026,11.97988269
1,Western,11,Colombo,18,Padukka,200,Kahawala,193,664,52,155,516,548,1064,304,18.42,6.8,7.147893024,11.09091884
1,Western,11,Colombo,6,Kolonnawa,195,Kajugahawatta,418,1550,176,417,1234,1327,2561,692,13.67,4.45,3.241410438,5.47742796
1,Western,11,Colombo,21,Maharagama,30,Kalalgoda,961,4141,353,922,3103,3274,6377,1857,7.29,4.31,22.07532747,4.964840531
1,Western,11,Colombo,9,Kaduwela,160,Kalapaluwawa,531,2332,235,666,1804,1960,3764,1113,11.8,4.84,13.05716095,17.94459349
1,Western,11,Colombo,33,Moratuwa,10,Kaldemulla,621,2761,315,693,2121,2269,4390,1312,10.44,3.67,14.09725382,13.55185875
1,Western,11,Colombo,36,Kesbewa,150,Kaliyammahara,628,2209,176,487,1656,1844,3500,973,12.78,6.99,17.44307742,8.956705347
1,Western,11,Colombo,15,Seethawaka,95,Kalu Aggala,263,827,79,218,704,683,1387,392,22.22,7.44,9.362580381,4.60543807
1,Western,11,Colombo,30,Dehiwala,25,Kalubovila,874,3444,307,795,2627,2793,5420,1492,4.7,3.71,3.320066781,17.18700545
1,Western,11,Colombo,15,Seethawaka,15,Kanampella East,221,638,57,166,543,539,1082,308,23.7,7.86,16.80533268,8.548846401
1,Western,11,Colombo,15,Seethawaka,10,Kanampella West,372,1277,116,279,988,1056,2044,595,20.45,6.42,2.030909109,14.4259732
1,Western,11,Colombo,12,Homagama,175,Kandanawatta,582,2157,215,406,1635,1725,3360,973,10.61,5.51,3.580768286,6.217599477
1,Western,11,Colombo,31,Rathmalana,65,Kandawala,1106,5556,456,987,4044,4061,8105,1976,6.87,5.24,2.983406369,3.716626076
1,Western,11,Colombo,30,Dehiwala,70,Karagampitiya,891,3386,299,800,2567,2809,5376,1449,5.32,3.9,8.286449952,26.44565168
1,Western,11,Colombo,33,Moratuwa,90,Katubedda,1267,7063,534,1330,4916,5278,10194,2528,11.85,5.28,20.74727078,8.093812955
1,Western,11,Colombo,33,Moratuwa,190,Katukurunda North,582,2088,194,429,1587,1706,3293,904,15.09,5.07,11.47139304,17.91967768
1,Western,11,Colombo,33,Moratuwa,195,Katukurunda South,677,2364,237,475,1845,1908,3753,1012,14.76,5.2,11.51176631,4.639599755
1,Western,11,Colombo,31,Rathmalana,25,Katukurunduwatta,1997,6980,624,1467,5385,5683,11068,3069,9.81,5.3,12.54024654,6.149969817
1,Western,11,Colombo,12,Homagama,190,Katuwana,637,3178,288,703,2314,2492,4806,1508,7.22,3.48,16.26857457,18.33018477
1,Western,11,Colombo,36,Kesbewa,75,Katuwawala North,450,2171,195,604,1637,1783,3420,1029,8.43,4.1,12.25705774,27.37095563
1,Western,11,Colombo,36,Kesbewa,90,Katuwawala South,213,1240,79,221,857,896,1753,446,9.12,7.19,9.403666592,6.148578694
1,Western,11,Colombo,30,Dehiwala,75,Kawdana East,1169,4944,514,1231,3795,4063,7858,2241,4.06,3.2,8.243668168,3.671245417
1,Western,11,Colombo,31,Rathmalana,10,Kawdana West,1061,4202,432,948,3298,3345,6643,1850,7.81,4.71,16.06939445,18.05196795
1,Western,11,Colombo,6,Kolonnawa,65,Kelanimulla,611,2843,206,410,2034,2036,4070,1103,9.44,4.76,18.81092247,9.75632674
1,Western,11,Colombo,36,Kesbewa,260,Kesbewa East,297,1248,132,344,960,1061,2021,598,10,4.7,8.472227625,11.11418323
1,Western,11,Colombo,36,Kesbewa,255,Kesbewa North,578,2598,240,756,1975,2197,4172,1129,13.16,6.81,12.42838953,8.239085358
1,Western,11,Colombo,36,Kesbewa,285,Kesbewa South,965,4181,483,1119,3281,3467,6748,1872,10.82,5.94,8.785773885,7.770025813
1,Western,11,Colombo,3,Colombo,145,Keselwatta,1136,3591,284,590,2808,2793,5601,1327,14.1,4.39,8.533226537,12.38371871
1,Western,11,Colombo,3,Colombo,95,Khettarama,3253,7923,596,991,6299,6464,12763,2840,15.75,5.1,36.02782184,11.13762882
1,Western,11,Colombo,12,Homagama,180,Kiriberiyakele,491,2196,219,548,1631,1823,3454,953,13.77,6.5,14.83296234,5.011436041
1,Western,11,Colombo,12,Homagama,305,Kirigampamunuwa,611,2502,252,575,1913,2027,3940,1112,11.94,6.02,6.563862933,8.997571963
1,Western,11,Colombo,15,Seethawaka,30,Kiriwandala North,1093,2820,173,442,2252,2276,4528,1165,28.21,10.08,7.572980366,14.04706259
1,Western,11,Colombo,15,Seethawaka,130,Kiriwandala South,393,2035,102,238,1338,1430,2768,782,13.65,5.92,1.67015177,11.62912904
1,Western,11,Colombo,12,Homagama,350,Kiriwattuduwa North,432,1615,152,336,1205,1330,2535,710,13.13,6.4,2.028027692,4.592480536
1,Western,11,Colombo,12,Homagama,345,Kiriwattuduwa South,680,2370,201,418,1791,1878,3669,1041,11.56,6.27,2.917700599,3.802520138
1,Western,11,Colombo,27,Thimbirigasyaya,75,Kirula,2522,11302,1047,2577,7993,9455,17448,4770,7.47,3.77,4.041469838,10.13951009
1,Western,11,Colombo,27,Thimbirigasyaya,80,Kirulapone,2651,10350,1035,2209,7898,8347,16245,4619,6.94,3.7,15.80681554,27.33417559
1,Western,11,Colombo,12,Homagama,360,Kithulavila,804,2816,250,581,2139,2312,4451,1254,12.93,6.41,16.11331853,21.88160767
1,Western,11,Colombo,12,Homagama,215,Kithulhena,241,1090,122,312,853,912,1765,515,11.35,4.98,6.241527944,15.41157232
1,Western,11,Colombo,6,Kolonnawa,45,Kittampahuwa,1480,4394,358,641,3393,3480,6873,1632,15.21,6.75,8.746488926,5.700970502
1,Western,11,Colombo,3,Colombo,55,Kochchikade North,946,4131,400,770,3340,2907,6247,1641,11.31,3.29,15.43633987,8.852700324
1,Western,11,Colombo,3,Colombo,110,Kochchikade South,1550,4491,397,657,3699,3396,7095,1596,14.57,4.76,21.80965147,4.981806368
1,Western,11,Colombo,30,Dehiwala,20,Kohuwala,933,4009,337,1054,2997,3336,6333,1820,4.39,3.22,15.75984525,3.616481677
1,Western,11,Colombo,36,Kesbewa,230,Kolamunna,644,2339,240,540,1811,1952,3763,1076,10.91,5.91,15.60240277,13.00309666
1,Western,11,Colombo,27,Thimbirigasyaya,5,Kollupitiya,927,3791,370,928,2929,3087,6016,1513,8.22,4.18,8.146904823,6.127003236
1,Western,11,Colombo,6,Kolonnawa,110,Kolonnawa,398,1346,107,296,1082,1065,2147,553,13.12,5.52,16.7214441,15.29534836
1,Western,11,Colombo,15,Seethawaka,285,Koodaluvila,582,2108,162,401,1590,1663,3253,877,21.73,8.17,16.14515421,3.968471156
1,Western,11,Colombo,33,Moratuwa,175,Koralawella Eest,361,1414,118,352,1059,1186,2245,640,14.68,4.52,6.137674881,6.994609094
1,Western,11,Colombo,33,Moratuwa,170,Koralawella North,1118,3669,336,687,2830,2980,5810,1578,16,5.44,7.787629285,3.383018787
1,Western,11,Colombo,33,Moratuwa,185,Koralawella South,537,2026,210,428,1533,1668,3201,841,15.61,5.15,14.3703953,5.384994379
1,Western,11,Colombo,33,Moratuwa,180,Koralawella West,601,2039,176,360,1558,1618,3176,857,15.25,5.52,13.22868776,4.660958388
1,Western,11,Colombo,9,Kaduwela,80,Korathota,1902,7438,645,1457,5534,5908,11442,3318,11.67,5.8,10.81863459,3.035238862
1,Western,11,Colombo,15,Seethawaka,310,Koswatta,142,438,38,73,338,353,691,197,21.33,7.61,5.946482607,29.48708516
1,Western,11,Colombo,24,Sri Jayawardanapura Kotte,35,Koswatta,445,2637,289,803,2014,2160,4174,1271,4.82,3.15,36.46774793,37.01334028
1,Western,11,Colombo,3,Colombo,45,Kotahena East,1008,3723,388,971,2775,3315,6090,1676,13.85,3.13,36.46774793,37.01334028
1,Western,11,Colombo,3,Colombo,50,Kotahena West,1723,5735,558,1170,4371,4815,9186,2497,13.15,3.27,11.37779348,3.921376628
1,Western,11,Colombo,15,Seethawaka,135,Kotahera,271,1044,70,161,773,773,1546,431,18.01,7.27,12.36662354,3.834599629
1,Western,11,Colombo,9,Kaduwela,55,Kothalawala,822,4100,485,964,3142,3229,6371,1988,8.14,3.77,7.732970193,5.443959063
1,Western,11,Colombo,6,Kolonnawa,85,Kotikawatta East,630,2543,224,572,1939,2030,3969,1144,11.32,4.07,20.17800044,39.24832072
1,Western,11,Colombo,6,Kolonnawa,140,Kotikawatta West,487,1977,201,447,1459,1653,3112,889,12.71,3.99,13.91904747,6.492761898
1,Western,11,Colombo,21,Maharagama,35,Kottawa East,1110,4179,384,1034,3166,3541,6707,1899,9.45,5.14,15.68520815,5.138344617
1,Western,11,Colombo,21,Maharagama,60,Kottawa North,475,1991,178,511,1487,1668,3155,912,8.39,4.45,11.96949873,19.38779322
1,Western,11,Colombo,21,Maharagama,130,Kottawa South,1166,4568,429,1088,3456,3795,7251,2044,9.14,5.06,12.8658005,7.051665672
1,Western,11,Colombo,21,Maharagama,155,Kottawa Town,687,3215,330,886,2435,2683,5118,1477,7.65,3.99,12.01126595,16.34561471
1,Western,11,Colombo,21,Maharagama,125,Kottawa West,459,1851,169,480,1386,1573,2959,870,8.37,4.28,13.1488992,15.14807277
1,Western,11,Colombo,6,Kolonnawa,20,Kotuvila,930,3663,287,555,2681,2754,5435,1412,11.72,5.34,2.649143414,16.68722791
1,Western,11,Colombo,9,Kaduwela,165,Kotuwegoda,508,2174,197,548,1689,1738,3427,1102,9.27,4.09,11.99846317,7.731669043
1,Western,11,Colombo,6,Kolonnawa,60,Kuda Buthgamuwa,816,3240,283,638,2433,2544,4977,1392,11.44,4.43,8.692819352,5.533531056
1,Western,11,Colombo,15,Seethawaka,35,Kudagama,320,1311,85,245,939,1022,1961,623,14.85,4.32,13.14785611,8.571961273
1,Western,11,Colombo,15,Seethawaka,325,Kudakanda,273,886,81,147,669,718,1387,393,21.06,7.37,0.980896532,13.71111046
1,Western,11,Colombo,12,Homagama,320,Kudamaduwa,593,2357,212,563,1883,1842,3725,1049,11,6.24,2.218013342,2.007685552
1,Western,11,Colombo,33,Moratuwa,85,Kuduwamulla,461,1931,191,463,1507,1539,3046,893,10.49,4.1,7.356673018,9.733392408
1,Western,11,Colombo,9,Kaduwela,235,Kumaragewatta,584,2960,232,730,2179,2327,4506,1325,10.29,4.97,12.109231,24.87177864
1,Western,11,Colombo,27,Thimbirigasyaya,25,Kuppiyawatta East,2012,5849,444,1061,4755,4611,9366,2142,10.12,5.44,11.73405448,6.794937688
1,Western,11,Colombo,27,Thimbirigasyaya,20,Kuppiyawatta West,998,3214,252,581,2599,2446,5045,1217,8.93,5,16.38506654,6.079847603
1,Western,11,Colombo,18,Padukka,145,Kurugala,332,1069,102,205,838,870,1708,473,18.98,7.97,1.589720941,2.872260725
1,Western,11,Colombo,27,Thimbirigasyaya,15,Kurunduwatta,837,4788,349,1005,3145,3834,6979,1618,8.12,4.64,207.8870756,69.23630677
1,Western,11,Colombo,12,Homagama,155,Kurunduwatta,640,2700,273,644,2028,2229,4257,1241,11.39,5.18,207.8870756,69.23630677
1,Western,11,Colombo,6,Kolonnawa,105,Kuruniyawatta,862,2573,183,343,1950,2011,3961,978,14.51,6.47,11.44389075,3.258264935
1,Western,11,Colombo,15,Seethawaka,240,Lahirugama,439,1300,87,230,982,1074,2056,584,23.53,8.27,0.508046373,3.392048027
1,Western,11,Colombo,33,Moratuwa,50,Lakshapathiya Central,601,2170,199,380,1621,1729,3350,964,13.4,4.89,13.64080025,3.053311535
1,Western,11,Colombo,33,Moratuwa,45,Lakshapathiya North,581,2564,260,743,1979,2169,4148,1236,11.87,3.66,17.49562704,10.49055339
1,Western,11,Colombo,33,Moratuwa,80,Lakshapathiya South,821,3508,361,939,2664,2965,5629,1599,13.41,4.11,15.41925058,8.704081308
1,Western,11,Colombo,21,Maharagama,55,Liyanagoda,846,3223,295,637,2432,2569,5001,1416,8.58,5.15,4.559358339,13.84503355
1,Western,11,Colombo,18,Padukka,140,Liyanwala,174,782,72,166,567,627,1194,330,13.83,5.11,1.875082342,4.150908254
1,Western,11,Colombo,3,Colombo,35,Lunupokuna,2273,7602,672,1378,5784,6141,11925,3355,12.26,3.1,12.65550051,14.36896191
1,Western,11,Colombo,3,Colombo,20,Madampitiya,1831,5024,353,491,3890,3809,7699,1893,13.06,4.24,13.43877375,3.807399243
1,Western,11,Colombo,36,Kesbewa,295,Madapatha,628,2629,246,606,1993,2116,4109,1148,10.28,6.05,4.798885391,7.431729926
1,Western,11,Colombo,6,Kolonnawa,220,Madinnagoda,433,2410,225,473,1823,1718,3541,977,8.45,4.01,9.901392727,6.980313172
1,Western,11,Colombo,21,Maharagama,15,Madiwela,975,4072,391,1087,3149,3376,6525,1891,8.17,4.35,11.27711314,16.63180445
1,Western,11,Colombo,18,Padukka,155,Madulawa North,286,996,100,210,768,824,1592,447,17.85,6.65,3.051081923,4.65893878
1,Western,11,Colombo,18,Padukka,150,Madulawa South,273,905,70,195,699,744,1443,402,20.15,7.92,2.385447445,2.337046247
1,Western,11,Colombo,12,Homagama,260,Magammana East,876,3807,284,737,2737,2967,5704,1749,8.41,4.22,7.702117189,10.00263068
1,Western,11,Colombo,12,Homagama,255,Magammana West,612,2121,160,378,1588,1683,3271,939,11.47,6.1,8.576880627,9.59061188
1,Western,11,Colombo,6,Kolonnawa,90,Maha Buthgamuwa A,799,2286,257,549,1843,2048,3891,993,16.59,5.54,12.48454058,5.787463637
1,Western,11,Colombo,6,Kolonnawa,55,Maha Buthgamuwa B,1205,3473,274,511,2685,2778,5463,1319,15.35,6.65,11.84950074,5.909268876
1,Western,11,Colombo,6,Kolonnawa,95,Maha Buthgamuwa C,1210,3373,292,543,2587,2831,5418,1324,16.52,6.48,13.0929077,8.514584977
1,Western,11,Colombo,9,Kaduwela,60,Mahadeniya,964,5136,467,867,3652,3782,7434,2240,7.55,4.58,13.39079032,29.82355043
1,Western,11,Colombo,36,Kesbewa,120,Mahalwarawa,427,1804,146,532,1407,1502,2909,881,9.44,4.56,8.506714347,6.251963785
1,Western,11,Colombo,21,Maharagama,105,Maharagama East,488,2101,191,554,1564,1770,3334,964,8.3,4.34,15.4059573,6.825324813
1,Western,11,Colombo,21,Maharagama,165,Maharagama Town,568,3146,323,909,2366,2580,4946,1457,6.2,3.19,10.7417544,15.13655947
1,Western,11,Colombo,21,Maharagama,110,Maharagama West,248,1325,113,380,992,1074,2066,600,6.84,3.68,12.93202852,4.743626382
1,Western,11,Colombo,3,Colombo,25,Mahawatta,1504,4582,354,668,3611,3497,7108,1746,13.39,4.15,83.9734526,64.83253272
1,Western,11,Colombo,18,Padukka,210,Mahingala,133,446,33,88,339,361,700,187,21.44,9.1,0.740812358,1.822568364
1,Western,11,Colombo,36,Kesbewa,280,Makandana East,868,3441,304,779,2536,2856,5392,1527,11.25,5.99,9.437223372,8.897538754
1,Western,11,Colombo,36,Kesbewa,315,Makandana west,916,3585,280,739,2648,2872,5520,1585,9.88,5.79,9.56880298,9.788018281
1,Western,11,Colombo,36,Kesbewa,190,Makuludoowa,538,2318,205,552,1691,1922,3613,1063,9.72,4.84,11.8926192,6.059935654
1,Western,11,Colombo,21,Maharagama,145,Makumbura North,549,2831,202,642,2095,2129,4224,1296,4.79,3.09,12.17569604,13.19286646
1,Western,11,Colombo,21,Maharagama,150,Makumbura South,174,1028,114,218,735,799,1534,449,4.79,3.05,12.12794566,11.03053444
1,Western,11,Colombo,9,Kaduwela,125,Malabe East,1063,4347,466,1000,3304,3572,6876,1968,12.04,5.49,14.20437718,31.0126031
1,Western,11,Colombo,9,Kaduwela,70,Malabe North,866,6078,556,1071,4623,3948,8571,2091,7.15,6.19,16.35368147,33.23618402
1,Western,11,Colombo,9,Kaduwela,130,Malabe West,789,3795,353,886,2812,3011,5823,1672,10.81,5.23,15.45112061,23.62705815
1,Western,11,Colombo,18,Padukka,195,Malagala,277,1107,93,313,828,962,1790,528,17.99,4.38,2.539404671,11.57409701
1,Western,11,Colombo,21,Maharagama,140,Malapalla East,643,2649,263,608,1980,2183,4163,1235,7.4,4.01,12.98924621,11.99632438
1,Western,11,Colombo,21,Maharagama,135,Malapalla West,357,1726,171,417,1321,1350,2671,769,6.66,3.98,11.93166964,8.117629406
1,Western,11,Colombo,6,Kolonnawa,150,Malgama,953,3766,331,777,2778,3049,5827,1566,13.07,4.78,12.31528393,12.37785359
1,Western,11,Colombo,6,Kolonnawa,160,Maligagodella,399,1655,112,341,1198,1309,2507,689,12.52,4.72,13.61853082,5.842558853
1,Western,11,Colombo,3,Colombo,160,Maligakanda,1768,4584,323,720,3816,3579,7395,1618,15.99,5.26,13.19676758,3.176834859
1,Western,11,Colombo,3,Colombo,90,Maligawatta East,2415,6405,504,898,4995,5227,10222,2477,14.44,4.35,9.964348729,6.358372032
1,Western,11,Colombo,3,Colombo,155,Maligawatta West,1435,4396,346,832,3386,3623,7009,1713,14.59,4.22,20.80501589,5.600640046
1,Western,11,Colombo,6,Kolonnawa,185,Malpura,771,3043,297,555,2167,2499,4666,1265,13.39,4.65,11.84990492,11.29384317
1,Western,11,Colombo,30,Dehiwala,60,Malwatta,553,2355,280,563,1872,1879,3751,1006,3.87,3.43,19.98617165,49.28099743
1,Western,11,Colombo,15,Seethawaka,245,Mambula,207,697,59,154,552,565,1117,319,20.91,7.06,1.647662348,2.72257857
1,Western,11,Colombo,12,Homagama,210,Mambulgoda,411,1820,158,439,1317,1511,2828,845,11.2,4.69,10.61434064,8.795058255
1,Western,11,Colombo,36,Kesbewa,210,Mampe East,336,1356,139,384,1013,1202,2215,652,11.91,5.02,11.46331676,4.654399239
1,Western,11,Colombo,36,Kesbewa,185,Mampe North,825,3539,340,859,2683,2880,5563,1580,9.99,5.59,11.17471028,14.66389519
1,Western,11,Colombo,36,Kesbewa,225,Mampe South,248,1261,124,350,938,1045,1983,569,9.85,4.9,8.646470401,4.127109288
1,Western,11,Colombo,36,Kesbewa,220,Mampe West,432,1875,185,528,1494,1526,3020,872,9.46,5.26,11.51399994,7.256307785
1,Western,11,Colombo,15,Seethawaka,20,Manakada,102,391,22,112,292,335,627,186,21.66,6,1.377525862,2.065801768
1,Western,11,Colombo,3,Colombo,165,Maradana,452,1969,198,373,1564,1428,2992,804,11.24,3.11,36.75075065,7.239689798
1,Western,11,Colombo,3,Colombo,65,Masangasweediya,1507,4274,336,670,3452,3335,6787,1488,15.48,5.09,13.9127282,3.627656222
1,Western,11,Colombo,3,Colombo,10,Mattakkuliya,5653,18163,1499,2820,13749,14386,28135,6838,13.63,4.15,10.81013054,22.5404031
1,Western,11,Colombo,12,Homagama,235,Mattegoda Central 'A',256,1112,120,363,863,988,1851,614,9.05,3.48,22.54320242,4.05450956
1,Western,11,Colombo,12,Homagama,310,Mattegoda Central 'B',311,1564,233,601,1263,1446,2709,875,9.98,3.48,17.60335792,8.202663411
1,Western,11,Colombo,12,Homagama,240,Mattegoda East,588,2524,219,539,1899,1971,3870,1129,9.83,5.28,7.009975949,5.654590942
1,Western,11,Colombo,12,Homagama,230,Mattegoda West,773,3266,362,841,2513,2729,5242,1513,11.83,5.33,10.61236763,21.76814628
1,Western,11,Colombo,36,Kesbewa,205,Mavittara North,444,1940,154,555,1483,1610,3093,909,10.23,5.11,11.20170062,5.941596164
1,Western,11,Colombo,36,Kesbewa,265,Mavittara South,286,1271,125,348,952,1078,2030,585,10.88,5.21,7.718751287,5.141981514
1,Western,11,Colombo,15,Seethawaka,180,Mawalgama,373,1325,99,315,1042,1070,2112,595,21.27,7.24,2.194173611,6.441627333
1,Western,11,Colombo,15,Seethawaka,340,Mawathagama East,155,716,41,150,556,506,1062,313,13.73,5.32,2.828514424,6.405232507
1,Western,11,Colombo,15,Seethawaka,335,Mawathagama West,426,1483,114,268,1106,1185,2291,651,20.48,7.17,25.15713786,8.170971945
1,Western,11,Colombo,12,Homagama,185,Mawathgama,497,1901,179,405,1503,1479,2982,836,10.94,6.34,7.799199586,11.51906135
1,Western,11,Colombo,12,Homagama,40,Meegasmulla,617,2676,170,485,2025,1923,3948,1152,7.63,5.52,6.092290724,13.89416827
1,Western,11,Colombo,12,Homagama,75,Meegoda North,605,2173,179,405,1677,1685,3362,943,11.25,6.55,5.482121733,8.422627965
1,Western,11,Colombo,12,Homagama,90,Meegoda South,415,1569,125,347,1235,1221,2456,692,11.2,6.4,5.710874783,6.810724478
1,Western,11,Colombo,6,Kolonnawa,35,Meethotamulla,1800,5448,464,897,4244,4365,8609,2163,14.35,6.03,11.44735603,5.296732972
1,Western,11,Colombo,6,Kolonnawa,125,Megoda Kolonnawa,3262,8791,676,1118,6829,7018,13847,3298,15.8,7.01,16.68688555,8.60357307
1,Western,11,Colombo,27,Thimbirigasyaya,65,Milagiriya,668,3022,325,924,2413,2526,4939,1530,6.21,2.88,19.72199881,21.28674775
1,Western,11,Colombo,21,Maharagama,10,Mirihana North,938,3912,375,950,3006,3169,6175,1835,7.22,3.97,10.72496226,6.383527612
1,Western,11,Colombo,21,Maharagama,5,Mirihana South,692,3291,333,979,2551,2744,5295,1611,6.48,3.11,13.93449098,7.890202441
1,Western,11,Colombo,15,Seethawaka,120,Miriswatta,504,1609,126,293,1186,1346,2532,708,23.37,7.98,2.155542046,39.12210757
1,Western,11,Colombo,18,Padukka,190,Miriyagalla,229,915,73,224,679,762,1441,404,17.95,5.93,1.223123412,3.791729319
1,Western,11,Colombo,3,Colombo,15,Modara,6930,20400,1554,2844,15579,16149,31728,7725,13.77,4.25,12.10415315,9.582117149
1,Western,11,Colombo,33,Moratuwa,95,Molpe,988,4439,326,780,3223,3310,6533,1652,12.68,5.57,10.07868035,6.136449651
1,Western,11,Colombo,12,Homagama,355,Moonamale - Yakahaluwa,525,1947,160,414,1518,1528,3046,860,11.37,6.35,4.014727048,4.755502276
1,Western,11,Colombo,33,Moratuwa,135,Moratumulla East,531,2236,225,454,1682,1764,3446,960,11.73,4.58,13.84647524,6.277837128
1,Western,11,Colombo,33,Moratuwa,100,Moratumulla North,458,1837,193,405,1397,1496,2893,787,13.62,4.72,9.086980136,2.240643333
1,Western,11,Colombo,33,Moratuwa,140,Moratumulla West,584,2172,203,436,1624,1771,3395,930,14.91,5.03,12.05439965,3.84731475
1,Western,11,Colombo,33,Moratuwa,160,Moratuwella North,294,1307,147,378,1031,1095,2126,620,11.28,3.69,14.07590098,6.369052723
1,Western,11,Colombo,33,Moratuwa,125,Moratuwella South,648,2625,251,709,1985,2248,4233,1222,14.3,4.16,13.45194031,7.251647148
1,Western,11,Colombo,33,Moratuwa,165,Moratuwella West,519,1526,142,222,1185,1224,2409,646,17.19,5.98,3.157330036,0.169639894
1,Western,11,Colombo,36,Kesbewa,335,Morenda,268,899,99,262,759,769,1528,427,12.71,6.84,4.638021338,3.273188109
1,Western,11,Colombo,31,Rathmalana,5,Mount Lavinia,1207,5139,497,1243,4154,3932,8086,2497,5.2,3.69,16.70610308,17.90653842
1,Western,11,Colombo,12,Homagama,50,Mullegama North,274,986,85,178,717,806,1523,440,12.01,5.76,22.67054858,5.404503706
1,Western,11,Colombo,12,Homagama,55,Mullegama South,729,2615,207,564,1990,2125,4115,1166,12.61,6.34,15.20931124,10.30707666
1,Western,11,Colombo,6,Kolonnawa,75,Mulleriyawa North,890,3518,293,570,2679,2592,5271,1453,9.82,4.69,8.273747319,10.73735008
1,Western,11,Colombo,6,Kolonnawa,145,Mulleriyawa South,735,3269,295,630,2424,2505,4929,1391,10.31,4.15,13.35923129,10.30908874
1,Western,11,Colombo,15,Seethawaka,80,Muruthagama,216,720,75,176,584,603,1187,330,22.39,7.37,4.130593396,2.671196838
1,Western,11,Colombo,9,Kaduwela,145,Muttettugoda,956,4471,391,1088,3353,3553,6906,1963,11.29,5.48,15.04639722,16.16426435
1,Western,11,Colombo,36,Kesbewa,200,Nampamunuwa,569,2342,219,524,1756,1898,3654,1052,9.54,5.38,7.171561267,7.368784153
1,Western,11,Colombo,27,Thimbirigasyaya,55,Narahenpita,1999,6786,506,1168,5070,5389,10459,2840,8.06,4.41,14.83620247,11.81342203
1,Western,11,Colombo,21,Maharagama,190,Navinna,586,3486,277,787,2501,2635,5136,1438,6.11,4.08,55.07373226,12.45908172
1,Western,11,Colombo,3,Colombo,85,Nawagampura,1494,4456,357,676,3512,3471,6983,1788,13.16,3.86,12.22070271,1.686064955
1,Western,11,Colombo,9,Kaduwela,40,Nawagamuwa,1075,3804,314,699,2890,3002,5892,1651,12.77,6.62,7.279206593,27.30683004
1,Western,11,Colombo,9,Kaduwela,85,Nawagamuwa South,572,2218,185,350,1569,1756,3325,963,11.83,6,3.198960271,6.218959256
1,Western,11,Colombo,24,Sri Jayawardanapura Kotte,65,Nawala East,552,3001,345,955,2369,2484,4853,1485,5.06,3.18,14.15163168,15.16938485
1,Western,11,Colombo,24,Sri Jayawardanapura Kotte,30,Nawala West,476,2313,261,774,1838,1986,3824,1090,6.84,3.86,7.061310723,9.335030501
1,Western,11,Colombo,12,Homagama,35,Nawalamulla,723,2709,164,382,1956,2022,3978,1098,11.37,7.13,4.615984914,12.12244888
1,Western,11,Colombo,30,Dehiwala,55,Nedimala,1253,4939,519,1224,3828,4107,7935,2259,4.48,3.37,17.83792691,14.50041359
1,Western,11,Colombo,36,Kesbewa,70,Neelammahara,608,2460,223,483,1801,1973,3774,1074,9.61,5.66,11.81374457,7.556217082
1,Western,11,Colombo,15,Seethawaka,260,Neluwattuduwa,135,395,31,130,333,358,691,201,25.59,7.39,1.488289407,4.020074021
1,Western,11,Colombo,3,Colombo,70,New Bazaar,2730,7183,545,1031,5693,5796,11489,2647,15.15,4.77,12.19375732,6.190548205
1,Western,11,Colombo,15,Seethawaka,215,Niripola,256,1007,112,252,816,811,1627,457,19.11,6.19,3.015824433,6.565750862
1,Western,11,Colombo,36,Kesbewa,320,Nivungama,350,1639,150,280,1165,1254,2419,672,8.11,5.6,12.20922924,3.784609557
1,Western,11,Colombo,36,Kesbewa,95,Niwanthidiya,599,2309,228,481,1696,1921,3617,1029,10.83,5.78,7.186748045,5.974059621
1,Western,11,Colombo,12,Homagama,200,Niyandagala,527,2779,183,495,1956,2028,3984,1256,7.15,3.48,8.832736346,7.962114342
1,Western,11,Colombo,24,Sri Jayawardanapura Kotte,80,Nugegoda,466,2262,227,647,1706,1896,3602,1076,6.15,3.68,17.49789751,9.757430264
1,Western,11,Colombo,24,Sri Jayawardanapura Kotte,70,Nugegoda West,607,3003,358,1040,2340,2668,5008,1560,5.94,3.14,16.7781722,15.98239747
1,Western,11,Colombo,24,Sri Jayawardanapura Kotte,5,Obesekarapura,2007,7271,673,1170,5476,5645,11121,2927,8.1,5.18,19.7307527,10.05931594
1,Western,11,Colombo,6,Kolonnawa,30,Orugodawatta,930,2996,251,356,2266,2267,4533,1225,11.56,5.33,13.78923028,6.592233773
1,Western,11,Colombo,9,Kaduwela,200,Oruwala,796,3050,252,632,2225,2505,4730,1375,12.73,5.84,5.282844338,10.94496805
1,Western,11,Colombo,12,Homagama,170,Ovitigama,932,3580,314,588,2684,2730,5414,1505,10.9,6.6,6.439264771,18.91807881
1,Western,11,Colombo,18,Padukka,90,Padukka,442,1784,170,461,1336,1521,2857,800,18.32,5.47,9.500385399,14.16097243
1,Western,11,Colombo,15,Seethawaka,315,Pagngnagula,149,413,25,114,339,362,701,192,27.88,9.44,1.00587093,2.963391171
1,Western,11,Colombo,24,Sri Jayawardanapura Kotte,75,Pagoda,618,3169,334,1085,2513,2693,5206,1551,6.03,3.48,2.601180993,14.55084498
1,Western,11,Colombo,24,Sri Jayawardanapura Kotte,85,Pagoda East,490,2820,275,879,2165,2299,4464,1289,5.71,3.64,15.94644744,10.63754514
1,Western,11,Colombo,9,Kaduwela,25,Pahala Bomiriya,908,3327,349,675,2598,2661,5259,1448,12.67,6.41,6.688869461,14.80699826
1,Western,11,Colombo,9,Kaduwela,45,Pahala Bomiriya B,877,3291,264,578,2460,2550,5010,1372,12.58,6.83,7.150103825,13.8990505
1,Western,11,Colombo,18,Padukka,40,Pahala Bope,204,723,79,159,536,629,1165,336,19.35,5.51,2.51382783,4.511169265
1,Western,11,Colombo,15,Seethawaka,200,Pahala Hanwella,201,872,76,178,652,675,1327,387,16.32,5.3,5.091083731,6.89853138
1,Western,11,Colombo,15,Seethawaka,110,Pahala Kosgama East,410,1548,105,287,1194,1156,2350,655,18.63,7.34,5.628735407,8.182638535
1,Western,11,Colombo,15,Seethawaka,105,Pahala Kosgama west,397,1416,125,303,1074,1167,2241,638,20.9,6.77,3.827028372,4.230375354
1,Western,11,Colombo,18,Padukka,135,Pahala Padukka,213,862,87,235,648,749,1397,393,18.92,5.16,4.355675244,2.765244099
1,Western,11,Colombo,9,Kaduwela,265,Pahalawela,486,2552,254,737,2007,2022,4029,1195,9.56,4.41,114.9839175,25.29913868
1,Western,11,Colombo,15,Seethawaka,275,Pahathgama,337,1164,120,296,931,986,1917,526,23.04,7.5,5.861301054,4.126397292
1,Western,11,Colombo,12,Homagama,400,Palagama,533,2046,172,371,1557,1565,3122,890,10.1,6.02,3.515283174,6.008722369
1,Western,11,Colombo,36,Kesbewa,145,Paligedara,634,2613,207,572,1944,2082,4026,1144,9.87,5.87,11.85990638,8.308359652
1,Western,11,Colombo,27,Thimbirigasyaya,100,Pamankada East,1590,6689,768,1676,5270,5453,10723,2941,7,3.57,19.08974636,16.85440171
1,Western,11,Colombo,27,Thimbirigasyaya,95,Pamankada West,2426,9317,869,2276,7077,7811,14888,4283,7.57,3.63,19.76861239,12.36781938
1,Western,11,Colombo,21,Maharagama,75,Pamunuwa,539,2717,289,632,2064,2113,4177,1196,6.33,3.88,8.521836806,8.534743119
1,Western,11,Colombo,12,Homagama,105,Panagoda East,52,101,4,,75,82,157,48,,,0.918337046,1.77106773
1,Western,11,Colombo,12,Homagama,65,Panagoda Town,246,1178,124,306,895,959,1854,504,13.42,6.74,5.846877768,6.378083127
1,Western,11,Colombo,12,Homagama,100,Panagoda West,492,2162,197,468,1613,1706,3319,945,11,5.8,9.289763561,10.92288757
1,Western,11,Colombo,12,Homagama,80,Panaluwa,1084,3774,288,604,2857,2893,5750,1557,12.51,7.56,3.377634796,14.91764588
1,Western,11,Colombo,3,Colombo,150,Panchikawatta,1414,4312,410,688,3477,3347,6824,1637,13.81,4.18,11.5579897,2.704946109
1,Western,11,Colombo,21,Maharagama,120,Pannipitiya North,606,2725,294,652,2058,2219,4277,1299,6.12,3.27,14.93224092,12.46062296
1,Western,11,Colombo,21,Maharagama,160,Pannipitiya South,270,1298,112,386,998,1068,2066,584,8.22,4.4,15.7586699,5.652881602
1,Western,11,Colombo,21,Maharagama,100,Pathiragoda,741,3663,367,920,2764,2927,5691,1726,5.62,3.08,12.16118514,10.680286
1,Western,11,Colombo,36,Kesbewa,130,Pelenwatta East,680,2890,273,746,2280,2309,4589,1273,10.31,6.26,11.4328353,10.76451856
1,Western,11,Colombo,36,Kesbewa,135,Pelenwatta North,851,3410,327,727,2549,2766,5315,1587,8.34,4.58,9.557589613,11.39544563
1,Western,11,Colombo,36,Kesbewa,140,Pelenwatta West,1064,4337,424,887,3195,3517,6712,1907,9.8,5.6,8.318285432,10.6373453
1,Western,11,Colombo,15,Seethawaka,320,Pelpola,128,437,36,126,348,379,727,213,22.38,6.4,6.799021076,11.5320905
1,Western,11,Colombo,36,Kesbewa,10,Pepiliyana East,225,942,79,230,688,788,1476,424,11.1,5.58,6.564526465,1.971724328
1,Western,11,Colombo,36,Kesbewa,5,Pepiliyana West,602,3037,348,885,2312,2560,4872,1443,8.91,4.03,13.46400295,9.424062428
1,Western,11,Colombo,3,Colombo,115,Pettah,3,470,52,62,528,59,587,11,8.78,4.46,101.2168059,17.36214189
1,Western,11,Colombo,18,Padukka,5,Pinnawala North,178,549,50,163,444,496,940,281,22.58,6.13,1.939333355,4.028593412
1,Western,11,Colombo,18,Padukka,10,Pinnawala South,317,1050,95,235,824,873,1697,489,18.23,6.63,2.273746316,5.24442907
1,Western,11,Colombo,31,Rathmalana,40,Piriwena,685,3131,326,979,2425,2696,5121,1512,7.63,3.52,15.0339619,9.451161374
1,Western,11,Colombo,24,Sri Jayawardanapura Kotte,55,Pitakotte,403,2199,276,689,1768,1799,3567,1049,5.29,3.41,16.93398454,10.70676756
1,Western,11,Colombo,24,Sri Jayawardanapura Kotte,50,Pitakotte East,449,2257,267,699,1775,1897,3672,1114,5.58,3.36,10.06245512,14.65772831
1,Western,11,Colombo,24,Sri Jayawardanapura Kotte,60,Pitakotte West,642,3065,344,961,2366,2646,5012,1509,6.28,3.53,11.42369393,9.942055987
1,Western,11,Colombo,12,Homagama,275,Pitipana North,517,4511,236,429,2614,3079,5693,1017,10.12,7.37,52.50764378,20.26794882
1,Western,11,Colombo,12,Homagama,285,Pitipana South,606,2401,190,442,1756,1883,3639,1022,11.79,6.41,52.77582996,13.62639184
1,Western,11,Colombo,12,Homagama,145,Pitipana Town,395,2219,158,430,1764,1438,3202,840,7.67,7.65,9.709295448,8.162732777
1,Western,11,Colombo,18,Padukka,65,Pitumpe North,217,1016,102,201,747,789,1536,433,11.05,4.03,3.016759132,5.076210965
1,Western,11,Colombo,18,Padukka,70,Pitumpe South,230,910,84,214,705,733,1438,388,16.63,6.8,4.817638682,2.610924058
1,Western,11,Colombo,36,Kesbewa,355,Polhena,519,1894,154,357,1459,1465,2924,836,8.88,6.06,11.08355724,21.23244173
1,Western,11,Colombo,21,Maharagama,70,Polwatta,593,2481,277,551,1904,1998,3902,1076,8.54,5.04,70.40089297,45.57654966
1,Western,11,Colombo,9,Kaduwela,120,Pore,982,3958,341,852,3024,3109,6133,1722,11.88,6.1,7.373450265,12.71145295
1,Western,11,Colombo,18,Padukka,130,Poregedara,218,762,69,172,588,633,1221,333,20.13,7.66,2.154333658,2.433811087
1,Western,11,Colombo,9,Kaduwela,190,Pothuarawa,1173,5453,462,1242,3993,4337,8330,2361,11.51,5.61,14.64890722,27.68310934
1,Western,11,Colombo,21,Maharagama,85,Pragathipura,914,3678,362,680,2760,2874,5634,1600,7.74,4.84,22.70476905,6.161839241
1,Western,11,Colombo,12,Homagama,270,Prasannapura,601,2055,157,449,1596,1666,3262,916,12.92,6.67,6.156704789,7.69187353
1,Western,11,Colombo,15,Seethawaka,155,Puwakpitiya,273,898,88,183,654,788,1442,367,27.69,9.69,9.156979189,17.443953
1,Western,11,Colombo,15,Seethawaka,150,Puwakpitiya South,811,2547,181,416,1934,2021,3955,1016,25.3,10.08,2.346764463,3.467899261
1,Western,11,Colombo,9,Kaduwela,10,Raggahawatta,652,2791,246,568,2076,2181,4257,1175,11.83,6.18,12.102126,16.86448539
1,Western,11,Colombo,24,Sri Jayawardanapura Kotte,20,Rajagiriya,391,1766,168,409,1372,1362,2734,711,7.3,4.93,52.38400758,15.83812776
1,Western,11,Colombo,9,Kaduwela,260,Rajamalwatta,128,1239,117,243,905,822,1727,477,7.15,4.57,16.25653295,11.24836217
1,Western,11,Colombo,6,Kolonnawa,165,Rajasinghagama,1146,4716,394,932,3493,3695,7188,2069,11.04,4.16,14.9321779,27.4153378
1,Western,11,Colombo,9,Kaduwela,95,Ranala,926,3989,294,586,2842,2953,5795,1669,9.94,5.96,6.934453033,20.27045295
1,Western,11,Colombo,31,Rathmalana,60,Rathmalana East,1080,3645,240,454,2687,2732,5419,1494,9.5,6.11,12.6959664,13.11615745
1,Western,11,Colombo,31,Rathmalana,55,Rathmalana West,877,3330,294,597,2459,2639,5098,1405,9.16,5.25,17.90382831,6.78975795
1,Western,11,Colombo,36,Kesbewa,115,Rathmaldeniya,889,3410,341,874,2577,2937,5514,1616,11.2,5.25,7.590850731,10.38461365
1,Western,11,Colombo,36,Kesbewa,40,Rattanapitiya,452,2609,211,602,1837,2037,3874,1085,8.63,5.15,3.301267133,15.41512151
1,Western,11,Colombo,33,Moratuwa,75,Rawathawatta East,621,2188,217,598,1712,1912,3624,1001,16.81,4.69,13.45627147,6.921099965
1,Western,11,Colombo,33,Moratuwa,70,Rawathawatta South,292,1242,118,343,938,1057,1995,556,14.42,4.29,16.55609569,3.981830848
1,Western,11,Colombo,33,Moratuwa,110,Rawathawatta West,421,1864,206,673,1455,1709,3164,939,14.38,3.32,11.53814536,6.398650494
1,Western,11,Colombo,36,Kesbewa,360,Regidel watta,212,855,87,133,647,640,1287,352,8.01,6.32,9.767196388,4.598487516
1,Western,11,Colombo,12,Homagama,335,Rilawala,342,1303,112,288,977,1068,2045,561,14.01,7,6.060540492,5.988722642
1,Western,11,Colombo,21,Maharagama,45,Rukmale East A,194,814,91,194,617,676,1293,381,7.37,3.93,8.885776232,3.132041628
1,Western,11,Colombo,21,Maharagama,50,Rukmale East B,300,1451,159,454,1121,1243,2364,741,5.98,2.53,16.60736845,7.004680843
1,Western,11,Colombo,21,Maharagama,40,Rukmale West,856,3204,329,765,2416,2738,5154,1513,8.64,4.47,10.54273174,19.65917564
1,Western,11,Colombo,6,Kolonnawa,205,Salamulla,2084,5865,469,904,4534,4788,9322,2295,15.66,6.47,10.4090328,5.875980156
1,Western,11,Colombo,15,Seethawaka,100,Salawa,431,1637,126,309,1191,1312,2503,709,19.96,6.78,9.125395026,13.55225213
1,Western,11,Colombo,3,Colombo,5,Sammanthranapura,1695,4891,393,661,3864,3776,7640,1834,13.76,4.33,27.04554602,4.743722514
1,Western,11,Colombo,12,Homagama,325,Sangharama,375,1557,162,379,1188,1285,2473,706,12.05,5.68,8.482844935,5.66780385
1,Western,11,Colombo,6,Kolonnawa,10,Sedawatta,1120,3925,323,500,2951,2917,5868,1614,10.57,5,9.843107567,5.513752899
1,Western,11,Colombo,15,Seethawaka,45,Seethagama,442,1914,86,300,1318,1424,2742,850,14.27,4.79,8.175423707,6.222926307
1,Western,11,Colombo,15,Seethawaka,140,Seethawaka,285,1051,76,215,785,842,1627,479,19.05,6.14,7.333150145,5.994599293
1,Western,11,Colombo,9,Kaduwela,115,Shanthalokagama,1227,4998,483,1356,3829,4235,8064,2540,11.23,4.33,12.66654858,30.28895206
1,Western,11,Colombo,12,Homagama,220,Siddamulla North,334,1564,166,442,1170,1336,2506,744,11.73,4.58,10.35959239,6.152071941
1,Western,11,Colombo,12,Homagama,225,Siddamulla South,401,1580,148,433,1199,1363,2562,766,12.2,4.77,12.65572373,5.913246344
1,Western,11,Colombo,6,Kolonnawa,120,Singhapura,760,3269,248,454,2277,2454,4731,1321,10.68,4.57,6.852806859,42.42562073
1,Western,11,Colombo,12,Homagama,315,Siyambalagoda North,718,3095,335,702,2383,2467,4850,1400,10.24,5.3,6.591738191,10.79369093
1,Western,11,Colombo,12,Homagama,330,Siyambalagoda South,454,1514,158,382,1221,1287,2508,741,11.68,5.17,4.339362927,4.718187103
1,Western,11,Colombo,18,Padukka,35,Siyambalawa,373,1310,121,248,999,1053,2052,590,15.33,6.17,1.33154309,3.19019335
1,Western,11,Colombo,3,Colombo,130,Slave Island,672,1974,192,351,1619,1570,3189,654,16.53,5.48,19.02193342,2.158442709
1,Western,11,Colombo,33,Moratuwa,15,Soysapura North,312,1503,180,574,1157,1412,2569,906,11.16,2.88,13.47687665,1.135569669
1,Western,11,Colombo,33,Moratuwa,20,Soysapura South,335,1408,142,443,1077,1251,2328,767,12.2,3.03,10.53877719,1.724938941
1,Western,11,Colombo,30,Dehiwala,5,Sri Saranankara,1270,4293,385,875,3356,3467,6823,1766,5.82,4.53,20.7694553,7.638303715
1,Western,11,Colombo,9,Kaduwela,170,Subhoothipura,212,1335,133,376,1027,1029,2056,620,7.96,3.87,15.26393705,14.37539477
1,Western,11,Colombo,3,Colombo,140,Suduwella,573,1942,163,439,1569,1548,3117,754,14.66,4.22,9.746989655,32.79635237
1,Western,11,Colombo,15,Seethawaka,185,Suduwella,733,2617,188,479,1947,2070,4017,1120,20.83,7.55,9.746989655,32.79635237
1,Western,11,Colombo,12,Homagama,280,Suwapubudugama,389,1572,123,319,1189,1214,2403,693,10.15,5.74,6.368867636,4.938693435
1,Western,11,Colombo,36,Kesbewa,235,Suwarapola East,387,1709,154,505,1304,1451,2755,798,11.12,5.29,11.36461319,5.229035528
1,Western,11,Colombo,36,Kesbewa,240,Suwarapola West,201,909,94,263,700,767,1467,432,9.81,4.64,11.35198499,3.593761107
1,Western,11,Colombo,9,Kaduwela,65,Thalahena North,521,2634,253,548,1933,2023,3956,1055,11.25,6.15,17.2791087,11.99535194
1,Western,11,Colombo,9,Kaduwela,140,Thalahena South,406,1905,178,495,1446,1538,2984,829,12,5.66,15.83859023,8.658777475
1,Western,11,Colombo,9,Kaduwela,150,Thalangama North A,1199,6305,546,1432,4583,4899,9482,2630,10.84,5.6,15.77194579,31.74364859
1,Western,11,Colombo,9,Kaduwela,135,Thalangama North B,490,2508,262,737,1888,2109,3997,1153,11.7,4.76,16.30570433,14.266678
1,Western,11,Colombo,21,Maharagama,80,Thalapathpitiya,829,4499,397,966,3052,3639,6691,1856,7.35,4.39,13.50651361,13.55747806
1,Western,11,Colombo,21,Maharagama,25,Thalawathugoda East,572,3359,355,941,2454,2773,5227,1597,5.08,2.44,16.15185246,22.47393315
1,Western,11,Colombo,21,Maharagama,20,Thalawathugoda West,705,3750,345,850,2840,2810,5650,1532,7.17,4.79,12.71476862,18.65168126
1,Western,11,Colombo,9,Kaduwela,210,Thaldiyawala,656,2670,224,552,2122,1980,4102,1105,11.26,6.7,6.581561222,11.22812144
1,Western,11,Colombo,15,Seethawaka,75,Thawalgoda,319,1001,87,197,755,849,1604,468,22.13,6.95,3.720851158,5.090793387
1,Western,11,Colombo,33,Moratuwa,30,Thelawala North,813,3629,276,653,2758,2613,5371,1562,9.1,4.54,12.8764211,11.13476779
1,Western,11,Colombo,33,Moratuwa,40,Thelawala South,559,2854,222,511,1884,2262,4146,1123,13.37,4.78,13.41726893,5.451321379
1,Western,11,Colombo,27,Thimbirigasyaya,60,Thimbirigasyaya,1905,7131,582,1116,5118,5616,10734,2712,8.13,4.65,17.42524249,32.75416836
1,Western,11,Colombo,36,Kesbewa,165,Thumbovila North,899,3458,232,675,2569,2695,5264,1482,10,6.44,6.678839577,10.49499016
1,Western,11,Colombo,36,Kesbewa,160,Thumbovila South,612,2757,269,559,2055,2142,4197,1150,9.22,6.11,10.38029307,8.129376228
1,Western,11,Colombo,36,Kesbewa,180,Thumbovila West,406,1671,158,499,1304,1430,2734,809,10.75,4.99,12.75670048,6.565586285
1,Western,11,Colombo,18,Padukka,25,Thummodara,142,409,54,101,348,358,706,204,20.32,6.85,7.831781648,14.27934984
1,Western,11,Colombo,9,Kaduwela,75,Thunadahena,1034,4023,350,788,3018,3177,6195,1769,11.83,6.01,10.00226539,28.54961168
1,Western,11,Colombo,15,Seethawaka,290,Thunnana East,170,541,53,99,432,431,863,237,21.67,8.07,1.761951228,2.717908942
1,Western,11,Colombo,15,Seethawaka,330,Thunnana West,361,1279,97,202,964,975,1939,534,19.87,7.83,2.827009959,5.404231417
1,Western,11,Colombo,18,Padukka,225,Udagama,125,435,36,109,334,371,705,212,17.78,5.17,22.29040074,76.91670856
1,Western,11,Colombo,21,Maharagama,90,Udahamulla East,817,3774,356,823,2822,2948,5770,1725,5.96,3.58,11.05482961,7.433569481
1,Western,11,Colombo,21,Maharagama,95,Udahamulla West,599,2800,266,780,2086,2359,4445,1333,7.01,3.46,12.43260768,10.86293394
1,Western,11,Colombo,9,Kaduwela,175,Udumulla,293,1443,175,423,1094,1240,2334,683,11.69,4.45,21.70930303,15.80609825
1,Western,11,Colombo,18,Padukka,125,Udumulla,498,1582,171,347,1250,1348,2598,722,21.06,7.61,21.70930303,15.80609825
1,Western,11,Colombo,6,Kolonnawa,155,Udumulla North,555,1923,174,393,1493,1552,3045,808,13.14,5.1,11.24700956,9.927402598
1,Western,11,Colombo,6,Kolonnawa,170,Udumulla South,418,1748,162,390,1315,1403,2718,770,11.62,4.12,17.46729083,7.437741538
1,Western,11,Colombo,12,Homagama,265,Uduwana,628,2670,182,447,1917,2010,3927,1211,7.19,4.18,5.606234962,7.486906017
1,Western,11,Colombo,30,Dehiwala,50,Udyanaya,1404,4550,350,818,3517,3605,7122,1777,6.37,5.04,18.51165585,9.082633866
1,Western,11,Colombo,18,Padukka,55,Uggalla,389,1340,118,285,1030,1102,2132,637,15.54,5.39,51.98996745,7.809416005
1,Western,11,Colombo,15,Seethawaka,55,Ukwatta,356,1733,109,317,1246,1269,2515,765,13.65,4.32,18.07250547,8.759043935
1,Western,11,Colombo,12,Homagama,380,Undurugoda,259,1035,87,219,763,837,1600,457,12.04,5.93,4.10478547,4.209953375
1,Western,11,Colombo,33,Moratuwa,120,Uswatta,360,1223,112,279,948,1026,1974,522,17.22,5.36,76.3396723,11.77156829
1,Western,11,Colombo,33,Moratuwa,65,Uyana North,746,2485,177,432,1914,1926,3840,1009,15.58,5.92,15.40167166,5.932608698
1,Western,11,Colombo,33,Moratuwa,60,Uyana South,912,3217,251,695,2577,2498,5075,1456,12.06,4.9,11.95184911,7.229059353
1,Western,11,Colombo,6,Kolonnawa,25,Veheragoda,409,1235,96,164,933,971,1904,511,13.15,5.55,12.02198349,1.547401121
1,Western,11,Colombo,31,Rathmalana,50,Vihara,887,3828,347,1015,2919,3158,6077,1727,8.09,4.26,18.20108367,12.39075885
1,Western,11,Colombo,30,Dehiwala,10,Vilawala,895,3901,395,811,2874,3128,6002,1555,4.63,3.79,15.32284273,8.015232546
1,Western,11,Colombo,33,Moratuwa,145,Villorawatta East,635,2272,177,414,1677,1821,3498,923,16.29,5.62,8.781002539,4.11607982
1,Western,11,Colombo,33,Moratuwa,150,Villorawatta West,688,2770,269,471,2060,2138,4198,1119,12.72,5.17,12.11261929,4.897662415
1,Western,11,Colombo,36,Kesbewa,80,Vishwakalawa,264,1065,111,310,832,918,1750,526,10.2,4.56,13.46270585,3.336707134
1,Western,11,Colombo,6,Kolonnawa,5,Wadulla,1304,4232,283,488,3123,3184,6307,1789,11.21,5.07,12.90349461,6.653021436
1,Western,11,Colombo,18,Padukka,20,Waga East,334,1076,91,230,839,892,1731,486,20.22,7.8,1.868665198,6.168313901
1,Western,11,Colombo,18,Padukka,15,Waga North,179,575,56,121,448,483,931,286,16.09,5.11,2.160840123,2.138274685
1,Western,11,Colombo,18,Padukka,30,Waga South,198,603,58,130,499,490,989,305,14.27,5.56,0.473721368,1.875348289
1,Western,11,Colombo,18,Padukka,50,Waga West,259,874,60,215,676,732,1408,398,20.87,7.49,1.746492688,4.211629413
1,Western,11,Colombo,15,Seethawaka,195,Walawwatta,280,882,66,175,737,666,1403,406,19.09,7.33,27.78555305,12.18893501
1,Western,11,Colombo,12,Homagama,30,Walpita,478,1527,96,251,1151,1201,2352,640,13.67,7.73,20.22187165,19.68508454
1,Western,11,Colombo,9,Kaduwela,155,Walpola,1017,5141,551,1376,3959,4126,8085,2299,10.71,4.99,81.26715613,90.46726821
1,Western,11,Colombo,27,Thimbirigasyaya,35,Wanathamulla,2955,11096,1019,1799,8336,8533,16869,4731,6.61,4.03,14.12620301,8.822915113
1,Western,11,Colombo,31,Rathmalana,15,Watarappala,1002,3942,395,846,2982,3203,6185,1747,8.52,4.68,19.05967371,7.52887995
1,Western,11,Colombo,12,Homagama,85,Watareka North,926,3433,313,668,2588,2752,5340,1495,12.27,6.45,5.790455225,15.51573977
1,Western,11,Colombo,12,Homagama,165,Watareka South,1116,4621,450,922,3422,3687,7109,2037,11.01,5.64,6.787560318,22.26099512
1,Western,11,Colombo,31,Rathmalana,20,Wathumulla,566,2518,334,841,1998,2261,4259,1362,6.85,2.7,31.46256291,24.62686668
1,Western,11,Colombo,21,Maharagama,185,Wattegedara,979,4679,519,1281,3626,3832,7458,2162,7.07,3.78,91.97115329,44.51523933
1,Western,11,Colombo,31,Rathmalana,45,Wedikanda,1064,4244,406,1129,3220,3623,6843,1977,9.13,4.29,16.47950753,10.29654066
1,Western,11,Colombo,3,Colombo,175,Wekanda,948,3217,319,670,2557,2597,5154,1193,14.85,4.39,11.50205921,4.103511076
1,Western,11,Colombo,9,Kaduwela,35,Wekewatta,771,2805,243,640,2223,2236,4459,1235,12.93,6.51,7.784678224,10.95918392
1,Western,11,Colombo,6,Kolonnawa,40,Welewatta,1860,4992,311,529,3802,3890,7692,1737,16.58,7.28,13.82360808,7.827930114
1,Western,11,Colombo,9,Kaduwela,50,Welihinda,557,1941,123,307,1454,1474,2928,764,13.96,7.56,8.129628279,9.218203098
1,Western,11,Colombo,24,Sri Jayawardanapura Kotte,15,Welikada East,768,3822,412,1047,2918,3131,6049,1885,5.15,3.32,9.628311203,10.59509769
1,Western,11,Colombo,24,Sri Jayawardanapura Kotte,25,Welikada North,684,2935,306,508,2206,2227,4433,1237,6.39,4.62,19.71541417,6.88188933
1,Western,11,Colombo,24,Sri Jayawardanapura Kotte,10,Welikada West,836,4838,313,800,2771,4016,6787,1485,7.93,4.86,12.28211716,9.397099003
1,Western,11,Colombo,15,Seethawaka,250,Welikanna,285,890,104,246,726,799,1525,433,24.07,7.01,1.702568196,3.763326729
1,Western,11,Colombo,9,Kaduwela,110,Welipillewa,604,2032,184,405,1545,1680,3225,897,14.15,6.71,6.73829954,9.403018116
1,Western,11,Colombo,9,Kaduwela,5,Welivita,830,3108,308,637,2401,2482,4883,1438,11.31,5.53,8.885964432,16.78131187
1,Western,11,Colombo,6,Kolonnawa,100,Wellampitiya,488,1405,125,254,1079,1193,2272,532,17.42,6.79,8.981872191,1.755509307
1,Western,11,Colombo,9,Kaduwela,275,Wellangiriya,486,2842,316,667,2114,2197,4311,1371,7.15,3.31,15.02277063,13.98944725
1,Western,11,Colombo,27,Thimbirigasyaya,85,Wellawatta North,2978,11449,1053,2598,8558,9520,18078,4907,8,3.96,20.34655078,19.50023453
1,Western,11,Colombo,27,Thimbirigasyaya,90,Wellawatta South,1650,6746,639,1828,5197,5666,10863,3145,7.34,3.46,20.45252482,13.78980736
1,Western,11,Colombo,12,Homagama,405,weniwelkola,1127,4071,336,722,3075,3181,6256,1745,11.79,6.67,7.443735734,24.96583577
1,Western,11,Colombo,6,Kolonnawa,50,Wennawatta,2085,6334,518,987,4848,5076,9924,2435,14.95,6.33,15.5213298,8.864431738
1,Western,11,Colombo,18,Padukka,115,Weragala,364,1244,110,312,978,1052,2030,581,19.23,6.51,9.775349536,33.26383737
1,Western,11,Colombo,15,Seethawaka,165,Weragolla North,438,1492,117,257,1087,1217,2304,631,22.66,8.11,2.014157014,6.922961724
1,Western,11,Colombo,15,Seethawaka,230,Weragolla South,239,859,63,127,723,565,1288,311,18.35,9.7,0.423632148,2.402211923
1,Western,11,Colombo,36,Kesbewa,60,Werahera North,244,1090,133,298,822,943,1765,540,8.8,3.53,9.227855196,5.57115233
1,Western,11,Colombo,36,Kesbewa,85,Werahera South,940,4251,370,851,3025,3387,6412,1767,10.25,6.09,12.11028601,17.97116297
1,Western,11,Colombo,15,Seethawaka,40,Weralupitiya,118,568,31,78,418,377,795,257,13.65,4.32,5.307433816,10.78181774
1,Western,11,Colombo,12,Homagama,385,Wethara,223,1159,147,314,880,963,1843,559,9.28,3.72,7.472492022,5.415288599
1,Western,11,Colombo,36,Kesbewa,175,Wewala East,381,1771,156,459,1327,1440,2767,834,8.12,4.13,14.07649626,9.246293492
1,Western,11,Colombo,36,Kesbewa,170,Wewala West,876,2946,291,806,2346,2573,4919,1402,13.1,6.47,12.66862954,13.16024769
1,Western,11,Colombo,18,Padukka,60,Wewelpanawa,132,494,43,105,385,389,774,207,16.74,7.72,2.485027632,2.592600171
1,Western,11,Colombo,9,Kaduwela,270,Wickramasinghapura,481,2053,252,689,1673,1802,3475,1020,12.51,4.63,18.05206464,9.104318088
1,Western,11,Colombo,6,Kolonnawa,210,Wijayapura,853,2472,201,508,1947,2087,4034,962,16.88,6.61,8.681749891,28.57753051
1,Western,11,Colombo,21,Maharagama,195,Wijerama,276,2575,141,459,1610,1841,3451,702,5.06,4.35,15.52671033,4.17287778
1,Western,11,Colombo,18,Padukka,205,Yatawathura,173,579,41,148,470,471,941,264,18.92,7.69,2.713165968,5.638970465
